player_id,player_name,minutes,goals,assists,goals_per_90,assists_per_90,date,market_value_in_eur,date_of_birth,position,current_club_name,current_club_domestic_competition_id,age,actual_value_m,clean_name,birth_year,Born,position_group,xG,xAG,PrgC,PrgP,PrgR,Sh,club,league,xG_per_90,xAG_per_90,PrgC_per_90,PrgP_per_90,PrgR_per_90,Sh_per_90,predicted_value_m,value_gap_m,undervaluation_pct
918969,Lamine Camara,2065,2,7,0.0871670702179176,0.3050847457627118,2025-06-03,22000000.0,2004-01-01,Midfield,AS Monaco,FR1,21.49486652977413,22.0,lamine camara,2004,2004.0,Midfield,2.3,4.4,25,141,46,26,AS Monaco,Ligue 1,0.1002421307506053,0.1917675544794189,1.089588377723971,6.145278450363197,2.0048426150121066,1.1331719128329298,58.388291726791735,36.388291726791735,165.40132603087153
540941,Mikkel Damsgaard,2930,2,11,0.0614334470989761,0.3378839590443686,2025-05-30,28000000.0,2000-07-03,Midfield,Brentford FC,GB1,24.99110198494182,28.0,mikkel damsgaard,2000,2000.0,Midfield,2.8,8.4,73,234,137,35,Brentford FC,Premier League,0.0860068259385665,0.2580204778156996,2.242320819112628,7.187713310580205,4.208191126279863,1.075085324232082,60.06541003441008,32.06541003441008,114.51932155146456
783094,Benjamin Bouchouari,1775,1,0,0.0507042253521126,0.0,2025-06-03,5000000.0,2001-11-13,Midfield,Trabzonspor,TR1,23.627652292950035,5.0,benjamin bouchouari,2001,2001.0,Midfield,0.6,0.9,48,133,54,16,Trabzonspor,,0.0304225352112676,0.0456338028169014,2.4338028169014088,6.743661971830986,2.7380281690140844,0.8112676056338028,34.83827547730047,29.83827547730047,596.7655095460094
435772,Charles De Ketelaere,2080,7,8,0.3028846153846154,0.3461538461538461,2025-06-17,35000000.0,2001-03-10,Midfield,Atalanta BC,IT1,24.306639288158795,35.0,charles de ketelaere,2001,2001.0,Midfield,7.3,6.0,108,140,211,48,Atalanta BC,Serie A,0.3158653846153846,0.2596153846153846,4.673076923076923,6.0576923076923075,9.129807692307692,2.076923076923077,63.02284096921603,28.022840969216027,80.06525991204579
634131,Aimar Oroz,2983,5,4,0.150854844116661,0.1206838752933288,2025-06-09,15000000.0,2001-11-27,Midfield,CA Osasuna,ES1,23.589322381930184,15.0,aimar oroz,2001,2001.0,Midfield,4.2,2.9,74,163,142,47,CA Osasuna,La Liga,0.1267180690579953,0.0874958095876634,2.232651692926584,4.917867918203151,4.284277572913175,1.418035534696614,41.03610185185184,26.03610185185184,173.57401234567894
495667,Lucas Da Cunha,2625,3,2,0.1028571428571428,0.0685714285714285,2025-06-17,10000000.0,2001-06-09,Midfield,Como 1907,IT1,24.057494866529773,10.0,lucas da cunha,2001,2001.0,Midfield,2.0,3.8,63,154,85,37,Como 1907,Serie A,0.0685714285714285,0.1302857142857142,2.16,5.28,2.914285714285714,1.2685714285714285,32.13933245550747,22.13933245550747,221.3933245550747
507486,Simon Sohm,3000,4,0,0.12,0.0,2025-06-17,5000000.0,2001-04-11,Midfield,Bologna Football Club 1909,IT1,24.21902806297057,5.0,simon sohm,2001,2001.0,Midfield,3.1,2.1,69,140,67,34,Bologna Football Club 1909,Serie A,0.093,0.063,2.07,4.2,2.01,1.02,27.0708102087727,22.0708102087727,441.416204175454
652275,Hákon Arnar Haraldsson,1766,5,3,0.2548131370328426,0.1528878822197055,2025-06-03,18000000.0,2003-04-10,Midfield,LOSC Lille,FR1,22.223134839151268,18.0,hakon arnar haraldsson,2003,2003.0,Midfield,3.8,2.8,52,102,143,35,LOSC Lille,Ligue 1,0.1936579841449603,0.1426953567383918,2.6500566251415627,5.198187995469988,7.287655719139298,1.783691959229898,37.050241101491096,19.050241101491096,105.83467278606165
1068110,Rabby Nzingoula,1695,1,0,0.0530973451327433,0.0,2025-06-03,2500000.0,2005-11-25,Midfield,RC Strasbourg Alsace,FR1,19.59479808350445,2.5,rabby nzingoula,2005,2005.0,Midfield,1.0,1.6,25,40,38,19,RC Strasbourg Alsace,Ligue 1,0.0530973451327433,0.0849557522123893,1.327433628318584,2.1238938053097343,2.017699115044248,1.008849557522124,21.291368831168825,18.791368831168825,751.654753246753
503160,Paul Nebel,2349,10,6,0.3831417624521073,0.2298850574712644,2025-06-05,24000000.0,2002-10-10,Midfield,1.FSV Mainz 05,L1,22.72142368240931,24.0,paul nebel,2002,2002.0,Midfield,5.8,4.1,67,91,219,44,1.FSV Mainz 05,Bundesliga,0.2222222222222222,0.1570881226053639,2.5670498084291187,3.486590038314176,8.39080459770115,1.6858237547892718,40.02803348965849,16.02803348965849,66.78347287357704
569384,Lucien Agoumé,2117,1,3,0.0425129900803023,0.1275389702409069,2025-06-09,8000000.0,2002-02-09,Midfield,Sevilla FC,ES1,23.38672142368241,8.0,lucien agoume,2002,2002.0,Midfield,0.9,2.5,29,135,23,10,Sevilla FC,La Liga,0.038261691072272,0.1062824752007557,1.2328767123287672,5.739253660840812,0.9777987718469532,0.4251299008030231,23.65365562770563,15.653655627705628,195.67069534632031
948273,Mario Martín,1750,0,1,0.0,0.0514285714285714,2025-06-09,1500000.0,2004-03-05,Midfield,Getafe CF,ES1,21.319644079397673,1.5,mario martin,2004,2004.0,Midfield,1.8,1.4,18,66,22,28,Getafe CF,La Liga,0.0925714285714285,0.072,0.9257142857142856,3.394285714285714,1.1314285714285717,1.44,17.047270187220192,15.547270187220192,1036.484679148013
880245,Mateus Fernandes,2922,2,4,0.0616016427104722,0.1232032854209445,2025-05-30,15000000.0,2004-07-10,Midfield,West Ham United,GB1,20.971937029431896,15.0,mateus fernandes,2004,2004.0,Midfield,4.0,3.0,76,145,108,42,West Ham United,Premier League,0.1232032854209445,0.0924024640657084,2.340862422997947,4.46611909650924,3.326488706365503,1.2936344969199178,28.655202320827307,13.655202320827309,91.03468213884872
569366,Enzo Millot,1851,6,5,0.2917341977309562,0.2431118314424635,2025-06-05,35000000.0,2002-07-17,Midfield,Al-Ahli Saudi Football Club,SA1,22.954140999315538,35.0,enzo millot,2002,2002.0,Midfield,7.6,3.1,44,118,123,43,Al-Ahli Saudi Football Club,,0.3695299837925445,0.1507293354943273,2.1393841166936793,5.7374392220421395,5.980551053484604,2.0907617504051865,46.467175555000544,11.467175555000544,32.76335872857298
982855,Reda Belahyane,1851,0,2,0.0,0.0972447325769854,2025-06-17,10000000.0,2004-06-01,Midfield,Società Sportiva Lazio S.p.A.,IT1,21.078713210130047,10.0,reda belahyane,2004,2004.0,Midfield,0.2,1.0,26,83,14,6,Società Sportiva Lazio S.p.A.,Serie A,0.0097244732576985,0.0486223662884927,1.2641815235008105,4.035656401944895,0.6807131280388979,0.2917341977309562,20.79620086580088,10.79620086580088,107.9620086580088
901019,Neil El Aynaoui,1587,8,1,0.4536862003780718,0.0567107750472589,2025-06-03,15000000.0,2001-07-02,Midfield,Associazione Sportiva Roma,IT1,23.994524298425738,15.0,neil el aynaoui,2001,2001.0,Midfield,4.0,2.0,11,75,29,16,Associazione Sportiva Roma,Serie A,0.2268431001890359,0.1134215500945179,0.6238185255198487,4.253308128544424,1.6446124763705103,0.9073724007561436,25.751390593665597,10.751390593665596,71.67593729110399
643574,Kaishu Sano,3044,0,0,0.0,0.0,2025-06-05,20000000.0,2000-12-30,Midfield,1.FSV Mainz 05,L1,24.49828884325804,20.0,kaishu sano,2000,2000.0,Midfield,0.9,1.2,53,159,46,20,1.FSV Mainz 05,Bundesliga,0.0266097240473061,0.0354796320630749,1.567017082785808,4.701051248357425,1.3600525624178712,0.5913272010512484,30.467127188552197,10.467127188552196,52.33563594276098
602124,Alessandro Bianco,2625,1,0,0.0342857142857142,0.0,2025-06-17,5000000.0,2002-10-01,Midfield,Panthessalonikios Athlitikos Omilos Konstantinoupoliton,GR1,22.746064339493497,5.0,alessandro bianco,2002,2002.0,Midfield,1.3,1.2,35,125,25,26,Panthessalonikios Athlitikos Omilos Konstantinoupoliton,,0.0445714285714285,0.0411428571428571,1.2000000000000002,4.285714285714286,0.8571428571428572,0.8914285714285713,15.155796849446851,10.155796849446851,203.11593698893705
617074,Ilaix Moriba,2133,1,1,0.0421940928270042,0.0421940928270042,2025-06-09,6000000.0,2003-01-19,Midfield,Celta de Vigo,ES1,22.444900752908968,6.0,ilaix moriba,2003,2003.0,Midfield,1.7,1.5,34,119,64,34,Celta de Vigo,La Liga,0.0717299578059071,0.0632911392405063,1.4345991561181433,5.021097046413502,2.7004219409282704,1.4345991561181433,15.950868005143006,9.950868005143006,165.84780008571676
671915,Enzo Barrenechea,2206,1,2,0.0407978241160471,0.0815956482320942,2025-06-09,10000000.0,2001-05-22,Midfield,SL Benfica,PO1,24.10677618069815,10.0,enzo barrenechea,2001,2001.0,Midfield,1.3,0.9,21,126,16,16,SL Benfica,,0.0530371713508612,0.0367180417044424,0.85675430643699,5.14052583862194,0.6527651858567542,0.6527651858567542,19.686119070744073,9.686119070744072,96.86119070744074
495621,Antonio Blanco,2739,0,1,0.0,0.0328587075575027,2025-06-09,10000000.0,2000-07-23,Midfield,Deportivo Alavés,ES1,24.93634496919918,10.0,antonio blanco,2000,2000.0,Midfield,0.8,1.6,13,146,19,25,Deportivo Alavés,La Liga,0.0262869660460021,0.0525739320920043,0.4271631982475356,4.7973713033954,0.6243154435925521,0.8214676889375685,19.45023601861102,9.45023601861102,94.5023601861102
504209,Gianluca Busio,2527,2,0,0.0712307083498219,0.0,2025-06-17,6000000.0,2002-05-28,Midfield,Venezia FC,IT1,23.091033538672143,6.0,gianluca busio,2002,2002.0,Midfield,2.4,1.6,60,95,135,36,Venezia FC,Serie A,0.0854768500197863,0.0569845666798575,2.1369212504946575,3.3834586466165413,4.80807281361298,1.2821527502967949,15.21030246512746,9.21030246512746,153.5050410854577
876631,Habib Diarra,2357,4,5,0.1527365294866355,0.1909206618582944,2025-06-03,20000000.0,2004-01-03,Midfield,Sunderland AFC,GB1,21.489390828199863,20.0,habib diarra,2004,2004.0,Midfield,3.3,4.5,61,116,114,25,Sunderland AFC,Premier League,0.1260076368264743,0.171828595672465,2.329232074671192,4.429359355112431,4.352991090369113,0.954603309291472,28.750034650534655,8.750034650534655,43.75017325267328
667967,Yassine Kechta,2111,2,1,0.0852676456655613,0.0426338228327806,2025-06-03,5000000.0,2002-02-25,Midfield,Le Havre AC,FR1,23.342915811088297,5.0,yassine kechta,2002,2002.0,Midfield,2.5,1.2,44,97,85,29,Le Havre AC,Ligue 1,0.1065845570819516,0.0511605873993368,1.8758882046423495,4.135480814779726,3.623874940786357,1.2363808621506396,13.187998193473192,8.187998193473193,163.7599638694639
585973,Johann Lepenant,2054,2,1,0.0876338851022395,0.0438169425511197,2025-06-03,6000000.0,2002-10-22,Midfield,FC Nantes,FR1,22.688569472963724,6.0,johann lepenant,2002,2002.0,Midfield,1.4,0.9,25,89,62,20,FC Nantes,Ligue 1,0.0613437195715676,0.0394352482960077,1.095423563777994,3.899707887049659,2.7166504381694256,0.8763388510223954,13.912850456950464,7.912850456950464,131.8808409491744
651735,Magnus Knudsen,1853,0,1,0.0,0.0485698866702644,2025-06-05,2500000.0,2001-06-15,Midfield,Aarhus GF,DK1,24.041067761806985,2.5,magnus knudsen,2001,2001.0,Midfield,0.7,1.3,16,54,25,12,Aarhus GF,,0.0339989206691851,0.0631408526713437,0.7771181867242309,2.6227738801942797,1.214247166756611,0.5828386400431732,10.187116516816522,7.687116516816522,307.4846606726608
651269,Armin Gigovic,1905,5,2,0.2362204724409448,0.0944881889763779,2025-06-05,3000000.0,2002-04-06,Midfield,BSC Young Boys,C1,23.23340177960301,3.0,armin gigovic,2002,2002.0,Midfield,1.9,2.1,37,50,45,26,BSC Young Boys,,0.089763779527559,0.0992125984251968,1.748031496062992,2.3622047244094486,2.1259842519685037,1.2283464566929134,10.110390392015391,7.110390392015393,237.0130130671798
711976,Andy Diouf,2234,1,2,0.0402864816472694,0.0805729632945389,2025-06-03,15000000.0,2003-05-17,Midfield,RC Lens,FR1,22.12183436002738,15.0,andy diouf,2003,2003.0,Midfield,2.9,2.8,82,116,94,40,RC Lens,Ligue 1,0.1168307967770814,0.1128021486123545,3.3034914950760967,4.673231871083259,3.7869292748433305,1.6114592658907787,22.10199414381915,7.101994143819152,47.34662762546101
624037,Joris Chotard,1871,1,0,0.0481026189203634,0.0,2025-06-03,6000000.0,2001-09-24,Midfield,Stade Brestois 29,FR1,23.76454483230664,6.0,joris chotard,2001,2001.0,Midfield,1.3,0.5,20,80,35,19,Stade Brestois 29,Ligue 1,0.0625334045964724,0.0240513094601817,0.9620523784072688,3.848209513629075,1.6835916622127205,0.9139497594869052,12.447875131350134,6.447875131350134,107.46458552250223
540333,Tomas Suslov,2097,0,1,0.0,0.0429184549356223,2025-06-17,6000000.0,2002-06-07,Midfield,Hellas Verona,IT1,23.06365503080082,6.0,tomas suslov,2002,2002.0,Midfield,1.6,1.9,39,82,77,32,Hellas Verona,Serie A,0.0686695278969957,0.0815450643776824,1.6738197424892705,3.51931330472103,3.3047210300429186,1.3733905579399142,11.464399714174707,5.464399714174709,91.07332856957848
668547,Máximo Perrone,1860,0,3,0.0,0.1451612903225806,2025-06-17,12000000.0,2003-01-07,Midfield,Como 1907,IT1,22.477754962354553,12.0,maximo perrone,2003,2003.0,Midfield,0.9,2.2,16,98,19,10,Como 1907,Serie A,0.0435483870967741,0.1064516129032258,0.7741935483870968,4.741935483870968,0.9193548387096776,0.4838709677419355,17.430145923520932,5.430145923520932,45.2512160293411
807688,Yassin Belkhdim,1519,1,1,0.0592495062541145,0.0592495062541145,2025-06-03,1000000.0,2002-02-14,Midfield,Angers SCO,FR1,23.37303216974675,1.0,yassin belkhdim,2002,2002.0,Midfield,0.8,0.6,17,37,31,9,Angers SCO,Ligue 1,0.0473996050032916,0.0355497037524687,1.0072416063199474,2.1922317314022384,1.8367346938775508,0.533245556287031,6.138469570244568,5.138469570244568,513.8469570244567
659518,Félix Lemaréchal,1782,4,3,0.202020202020202,0.1515151515151515,2025-06-03,10000000.0,2003-08-07,Midfield,Club Brugge KV,BE1,21.897330595482547,10.0,felix lemarechal,2003,2003.0,Midfield,3.5,2.9,35,58,90,25,Club Brugge KV,,0.1767676767676768,0.1464646464646464,1.7676767676767675,2.929292929292929,4.545454545454545,1.2626262626262628,14.32559622414623,4.32559622414623,43.2559622414623
467434,Rocco Reitz,1841,2,1,0.0977729494839761,0.048886474741988,2025-06-05,15000000.0,2002-05-29,Midfield,Borussia Mönchengladbach,L1,23.08829568788501,15.0,rocco reitz,2002,2002.0,Midfield,1.7,2.1,18,91,30,23,Borussia Mönchengladbach,Bundesliga,0.0831070070613796,0.1026615969581749,0.8799565453557848,4.448669201520913,1.4665942422596414,1.1243889190657252,19.217249856624857,4.217249856624857,28.11499904416571
900909,Paul Wanner,1779,3,2,0.1517706576728499,0.1011804384485666,2025-06-05,18000000.0,2005-12-23,Midfield,PSV Eindhoven,NL1,19.51813826146475,18.0,paul wanner,2005,2005.0,Midfield,3.7,1.3,28,64,65,24,PSV Eindhoven,,0.1871838111298482,0.0657672849915683,1.4165261382799326,3.2377740303541316,3.2883642495784144,1.2141652613827991,21.536425505050502,3.5364255050505022,19.64680836139168
822959,Tom Bischof,2569,5,2,0.1751654340210198,0.0700661736084079,2025-06-05,30000000.0,2005-06-28,Midfield,Bayern Munich,L1,20.005475701574262,30.0,tom bischof,2005,2005.0,Midfield,2.2,3.6,47,138,102,51,Bayern Munich,Bundesliga,0.0770727909692487,0.1261191124951343,1.6465550797975863,4.834565978980148,3.573374854028805,1.7866874270144024,32.84286320346322,2.8428632034632173,9.476210678210723
503991,Yunus Musah,1574,0,2,0.0,0.1143583227445997,2025-06-17,20000000.0,2002-11-29,Midfield,AC Milan,IT1,22.584531143052704,20.0,yunus musah,2002,2002.0,Midfield,1.9,1.8,51,84,74,22,AC Milan,Serie A,0.1086404066073697,0.1029224904701397,2.9161372299872936,4.803049555273189,4.231257941550191,1.2579415501905973,22.49539693362194,2.49539693362194,12.4769846681097
404950,Nicolas Seiwald,2080,0,0,0.0,0.0,2025-06-05,18000000.0,2001-05-04,Midfield,RB Leipzig,L1,24.15605749486653,18.0,nicolas seiwald,2001,2001.0,Midfield,0.2,1.7,17,140,30,5,RB Leipzig,Bundesliga,0.0086538461538461,0.0735576923076923,0.7355769230769231,6.0576923076923075,1.2980769230769231,0.2163461538461538,20.16910139027639,2.1691013902763885,12.05056327931327
432090,Nicolò Fagioli,1527,1,2,0.0589390962671905,0.1178781925343811,2025-06-17,18000000.0,2001-02-12,Midfield,ACF Fiorentina,IT1,24.37782340862423,18.0,nicolo fagioli,2001,2001.0,Midfield,1.1,3.1,34,91,37,22,ACF Fiorentina,Serie A,0.0648330058939096,0.1827111984282907,2.0039292730844793,5.363457760314342,2.180746561886051,1.2966601178781925,19.953972617197618,1.9539726171976175,10.855403428875654
392765,Emile Smith Rowe,2060,6,3,0.2621359223300971,0.1310679611650485,2025-05-30,30000000.0,2000-07-28,Midfield,Fulham FC,GB1,24.922655715263517,30.0,emile smith rowe,2000,2000.0,Midfield,4.5,1.4,53,126,127,37,Fulham FC,Premier League,0.1966019417475728,0.0611650485436893,2.3155339805825244,5.504854368932039,5.548543689320389,1.616504854368932,31.83853523328525,1.8385352332852491,6.1284507776174975
926694,Arthur Vermeeren,1576,0,2,0.0,0.1142131979695431,2025-06-05,22000000.0,2005-02-07,Midfield,Olympique Marseille,FR1,20.39151266255989,22.0,arthur vermeeren,2005,2005.0,Midfield,0.4,0.9,14,77,20,4,Olympique Marseille,Ligue 1,0.0228426395939086,0.0513959390862944,0.799492385786802,4.397208121827411,1.1421319796954317,0.2284263959390862,23.455523256373272,1.4555232563732723,6.616014801696692
657430,Samú Costa,2655,0,2,0.0,0.0677966101694915,2025-06-09,15000000.0,2000-11-27,Midfield,RCD Mallorca,ES1,24.588637919233403,15.0,samu costa,2000,2000.0,Midfield,1.8,1.2,24,116,69,30,RCD Mallorca,La Liga,0.0610169491525423,0.0406779661016949,0.8135593220338984,3.932203389830508,2.3389830508474576,1.0169491525423728,15.774778367003368,0.7747783670033677,5.165189113355784
571607,Fabio Miretti,1695,3,3,0.1592920353982301,0.1592920353982301,2025-06-17,14000000.0,2003-08-03,Midfield,Juventus FC,IT1,21.908281998631075,14.0,fabio miretti,2003,2003.0,Midfield,3.1,2.0,33,54,100,24,Juventus FC,Serie A,0.1646017699115044,0.1061946902654867,1.752212389380531,2.8672566371681416,5.3097345132743365,1.2743362831858407,14.485438732563727,0.485438732563729,3.46741951831235
502722,Luka Sucic,1794,1,2,0.0501672240802675,0.1003344481605351,2025-06-09,15000000.0,2002-09-08,Midfield,Real Sociedad,ES1,22.809034907597535,15.0,luka sucic,2002,2002.0,Midfield,3.3,2.6,30,79,56,43,Real Sociedad,La Liga,0.1655518394648829,0.1304347826086956,1.5050167224080266,3.963210702341138,2.809364548494983,2.157190635451505,15.376568254893256,0.3765682548932574,2.510455032621716
459665,Patrizio Masini,1533,1,0,0.0587084148727984,0.0,2025-06-17,6000000.0,2001-01-27,Midfield,Genoa CFC,IT1,24.421629021218344,6.0,patrizio masini,2001,2001.0,Midfield,0.4,0.2,16,44,27,8,Genoa CFC,Serie A,0.0234833659491193,0.0117416829745596,0.9393346379647748,2.583170254403131,1.5851272015655575,0.4696673189823874,6.291800527250529,0.2918005272505288,4.863342120842148
